company,category,title,location,term,status,url,employer_posted_at,first_seen_at,last_seen_at,fit_tags
Efficient Computer,HPC,Hardware/Silicon Internship,"Austin, TX, Pittsburgh, PA, San Francisco, California, United States",Summer 2028; summer 2027; Summer 2027; Fall 2027,open,https://job-boards.greenhouse.io/efficientcomputer/jobs/4421539009,2026-09-25T16:19:42-04:00,2026-09-27T07:01:59+00:00,2026-09-27T07:01:59+00:00,Server / validation; RTL / verification; Physical design; AI / software
Furiosa,AI,Algorithm - AI Research Engineer Intern,"Seoul, South Korea",Not specified,open,https://job-boards.anz.greenhouse.io/furiosaai/jobs/4005768201,2026-08-19T06:59:44-04:00,2026-09-27T07:01:59+00:00,2026-09-27T07:01:59+00:00,Server / validation; AI / software
Lightmatter,PHOTONICS,Photonics Characterization Intern & New Grad,"Boston, MA",Not specified,open,https://boards.greenhouse.io/lightmatter/jobs/5374627008?gh_jid=5374627008,2026-09-10T20:56:52-04:00,2026-09-27T07:01:59+00:00,2026-09-27T07:01:59+00:00,Interconnect / networking; Embedded / boards; AI / software
Lightmatter,PHOTONICS,Silicon Packaging Engineer - Intern & New Grad,"Mountain View, CA",Not specified,open,https://boards.greenhouse.io/lightmatter/jobs/5422712008?gh_jid=5422712008,2026-09-11T19:37:05-04:00,2026-09-27T07:01:59+00:00,2026-09-27T07:01:59+00:00,Physical design; Interconnect / networking; AI / software
Lightmatter,PHOTONICS,"Silicon, Hardware, & Photonics Engineering - Internship","Boston, MA; Mountain View, CA",Not specified,open,https://boards.greenhouse.io/lightmatter/jobs/5425407008?gh_jid=5425407008,2026-09-15T22:01:24-04:00,2026-09-27T07:01:59+00:00,2026-09-27T07:01:59+00:00,Server / validation; RTL / verification; Physical design; Interconnect / networking; Embedded / boards; AI / software
NcodiN,PHOTONICS,Spontaneous application - Internship,"42 Cr Pierre Vasseur 91120 Palaiseau, France",Not specified,open,https://job-boards.eu.greenhouse.io/ncodin/jobs/4802207101,2026-03-09T12:39:39-04:00,2026-09-27T07:01:59+00:00,2026-09-27T07:01:59+00:00,Interconnect / networking; AI / software
Silimate,EDA,AI Research Intern,"PostalAddress, Mountain View, California, US",Not specified,open,https://www.ycombinator.com/companies/silimate/jobs/BUbLN9M-ai-research-intern,2026-08-05T00:00:03Z,2026-09-27T07:01:59+00:00,2026-09-27T07:01:59+00:00,AI / software
Tenstorrent,AI,AI Compiler Software Intern (PEY),"Toronto, Ontario, Canada",Not specified,open,https://job-boards.greenhouse.io/tenstorrentuniversity/jobs/4873659007,2025-09-12T17:51:34-04:00,2026-09-27T07:01:59+00:00,2026-09-27T07:01:59+00:00,Server / validation; Interconnect / networking; Embedded / boards; AI / software
Tenstorrent,AI,Inference Server – Product Software Intern (Oct 2026 start),"Belgrade, Serbia",Not specified,open,https://job-boards.greenhouse.io/tenstorrentuniversity/jobs/5065140007,2026-03-02T12:01:57-05:00,2026-09-27T07:01:59+00:00,2026-09-27T07:01:59+00:00,Server / validation; Interconnect / networking; AI / software
Tenstorrent,AI,Infrastructure Automation Engineering Intern,"Warszawa, Masovian Voivodeship, Poland",Not specified,open,https://job-boards.greenhouse.io/tenstorrentuniversity/jobs/5165445007,2026-06-16T11:41:12-04:00,2026-09-27T07:01:59+00:00,2026-09-27T07:01:59+00:00,Server / validation; Interconnect / networking; AI / software
Tenstorrent,AI,Physical Design Intern - CPU/AI Hardware,"Austin, Texas, United States; Santa Clara, California, United States",Not specified,open,https://job-boards.greenhouse.io/tenstorrentuniversity/jobs/4526301007,2024-09-25T15:23:32-04:00,2026-09-27T07:01:59+00:00,2026-09-27T07:01:59+00:00,Server / validation; RTL / verification; Physical design; Interconnect / networking; AI / software
Tenstorrent,AI,"Software Engineer Intern, AI Compiler (Serbia)","Belgrade, Serbia",Not specified,open,https://job-boards.greenhouse.io/tenstorrentuniversity/jobs/5080887007,2026-03-17T08:09:04-04:00,2026-09-27T07:01:59+00:00,2026-09-27T07:01:59+00:00,Server / validation; Interconnect / networking; AI / software
